{
  "name": "belphegor",
  "creatureType": "demon",
  "groups": [
    "monster"
  ],
  "entityClass": "com.lycanitesmobs.core.entity.creature.EntityBelphegor",
  "modelClass": "com.lycanitesmobs.client.model.creature.ModelBelphegor",
  "loadDefault": true,
  "enabled": true,
  "spawning": {
    "enabled": true,
    "spawners": [
      "land_deadly",
      "portal"
    ],
    "disableSubspecies": false,
    "dimensionIds": [
      "minecraft:the_nether"
    ],
    "dimensionListType": "whitelist",
    "ignoreBiome": false,
    "biomeIds": [
      "minecraft:nether_wastes",
      "minecraft:soul_sand_valley"
    ],
    "spawnWeight": 8,
    "dungeonWeight": 200,
    "spawnAreaLimit": 5,
    "spawnGroupMin": 1,
    "spawnGroupMax": 3,
    "spawnsInLight": true,
    "spawnsInDark": true,
    "worldDayMin": -1,
    "despawnNatural": true,
    "despawnForced": false
  },
  "width": 0.6,
  "height": 1.8,
  "experience": 5,
  "health": 15,
  "defense": 0,
  "armor": 0,
  "speed": 24,
  "damage": 1,
  "attackSpeed": 1,
  "rangedSpeed": 0.5,
  "effectDuration": 5,
  "effectAmplifier": 0,
  "pierce": 1,
  "sight": 24,
  "knockbackResistance": 0,
  "bagSize": 5,
  "eggBackColor": "#992222",
  "eggForeColor": "#000000",
  "subspecies": [
    {
      "index": 0,
      "variants": [
        {
          "index": 1,
          "name": "scarlet",
          "type": "uncommon"
        },
        {
          "index": 2,
          "name": "dark",
          "type": "uncommon"
        }
      ]
    }
  ],
  "element": "nether",
  "diets": [
    "carnivore",
    "piscivore",
    "insectivore",
    "fungivore"
  ],
  "peaceful": false,
  "summonable": true,
  "tameable": false,
  "mountable": false,
  "summonCost": 2,
  "dungeonLevel": 1,
  "drops": [
    {
      "item": "minecraft:nether_wart",
      "minAmount": 1,
      "maxAmount": 3,
      "chance": 1
    },
    {
      "item": "lycanitesmobs:doomfireballcharge",
      "minAmount": 1,
      "maxAmount": 4,
      "chance": 1
    }
  ],
  "sizeScale": 1,
  "hitboxScale": 1
}