{
  "name": "dawon",
  "creatureType": "beast",
  "groups": [
    "predator"
  ],
  "entityClass": "com.lycanitesmobs.core.entity.creature.EntityDawon",
  "modelClass": "com.lycanitesmobs.client.model.creature.ModelDawon",
  "loadDefault": true,
  "enabled": true,
  "spawning": {
    "enabled": true,
    "spawners": [
      "land"
    ],
    "disableSubspecies": false,
    "dimensionIds": [
      "minecraft:the_nether",
      "minecraft:the_end"
    ],
    "dimensionListType": "blacklist",
    "ignoreBiome": false,
    "biomeTags": [
      "jungle"
    ],
    "spawnWeight": 6,
    "dungeonWeight": 0,
    "spawnAreaLimit": 5,
    "spawnGroupMin": 1,
    "spawnGroupMax": 3,
    "spawnsInLight": false,
    "spawnsInDark": true,
    "worldDayMin": -1,
    "despawnNatural": true,
    "despawnForced": false
  },
  "width": 1.6,
  "height": 1.4,
  "experience": 5,
  "health": 15,
  "defense": 1,
  "armor": 0,
  "speed": 26,
  "damage": 1,
  "attackSpeed": 2,
  "rangedSpeed": 1,
  "effectDuration": 5,
  "effectAmplifier": 0,
  "pierce": 1,
  "sight": 24,
  "knockbackResistance": 0,
  "bagSize": 5,
  "tamingReputation": 500,
  "eggBackColor": "#49e554",
  "eggForeColor": "#030601",
  "subspecies": [
    {
      "index": 0,
      "variants": [
        {
          "index": 1,
          "name": "scarlet",
          "type": "uncommon"
        },
        {
          "index": 2,
          "name": "azure",
          "type": "uncommon"
        }
      ]
    }
  ],
  "elements": [
    "quake",
    "arcane"
  ],
  "diets": [
    "carnivore",
    "piscivore"
  ],
  "peaceful": false,
  "summonable": false,
  "tameable": true,
  "mountable": false,
  "summonCost": 4,
  "dungeonLevel": 1,
  "drops": [
    {
      "item": "minecraft:quartz",
      "minAmount": 1,
      "maxAmount": 3,
      "chance": 1
    },
    {
      "item": "minecraft:emerald",
      "minAmount": 1,
      "maxAmount": 2,
      "chance": 0.05
    },
    {
      "item": "minecraft:diamond",
      "minAmount": 1,
      "maxAmount": 2,
      "chance": 0.05,
      "variant": 1
    },
    {
      "item": "minecraft:diamond",
      "minAmount": 1,
      "maxAmount": 2,
      "chance": 0.05,
      "variant": 2
    }
  ],
  "sizeScale": 1,
  "hitboxScale": 1
}