{
  "name": "frostweaver",
  "creatureType": "arachnid",
  "groups": [
    "frozen"
  ],
  "entityClass": "com.lycanitesmobs.core.entity.creature.EntityFrostweaver",
  "modelClass": "com.lycanitesmobs.client.model.creature.ModelFrostweaver",
  "loadDefault": true,
  "enabled": true,
  "spawning": {
    "enabled": true,
    "spawners": [
      "land"
    ],
    "disableSubspecies": false,
    "dimensionIds": [
      "minecraft:the_nether",
      "minecraft:the_end"
    ],
    "dimensionListType": "blacklist",
    "ignoreBiome": false,
    "biomeTags": [
      "cold",
      "snowy",
      "coniferous",
      "-end"
    ],
    "spawnWeight": 10,
    "dungeonWeight": 200,
    "spawnAreaLimit": 5,
    "spawnGroupMin": 1,
    "spawnGroupMax": 3,
    "spawnsInLight": false,
    "spawnsInDark": true,
    "worldDayMin": -1,
    "despawnNatural": true,
    "despawnForced": false
  },
  "width": 0.8,
  "height": 1.2,
  "experience": 5,
  "health": 15,
  "defense": 1,
  "armor": 0,
  "speed": 24,
  "damage": 1,
  "attackSpeed": 1,
  "rangedSpeed": 0.5,
  "effectDuration": 5,
  "effectAmplifier": 1,
  "pierce": 1,
  "sight": 24,
  "knockbackResistance": 0,
  "bagSize": 5,
  "eggBackColor": "#AADDFF",
  "eggForeColor": "#226699",
  "subspecies": [
    {
      "index": 0,
      "variants": [
        {
          "index": 1,
          "name": "lux",
          "type": "uncommon"
        },
        {
          "index": 2,
          "name": "azure",
          "type": "uncommon"
        }
      ]
    }
  ],
  "element": "frost",
  "diets": [
    "carnivore",
    "insectivore"
  ],
  "peaceful": false,
  "summonable": true,
  "tameable": false,
  "mountable": false,
  "summonCost": 2,
  "dungeonLevel": 1,
  "drops": [
    {
      "item": "minecraft:string",
      "minAmount": 1,
      "maxAmount": 4,
      "chance": 1
    },
    {
      "item": "minecraft:spider_eye",
      "minAmount": 1,
      "maxAmount": 2,
      "chance": 0.5
    },
    {
      "item": "lycanitesmobs:frostwebcharge",
      "minAmount": 1,
      "maxAmount": 4,
      "chance": 1
    }
  ],
  "sizeScale": 1,
  "hitboxScale": 1
}