{
  "name": "grigori",
  "creatureType": "aberration",
  "groups": [
    "predator",
    "monster"
  ],
  "entityClass": "com.lycanitesmobs.core.entity.creature.EntityGrigori",
  "modelClass": "com.lycanitesmobs.client.model.creature.ModelGrigori",
  "loadDefault": true,
  "enabled": true,
  "spawning": {
    "enabled": true,
    "spawners": [
      "sky_deadly",
      "portal"
    ],
    "disableSubspecies": false,
    "dimensionIds": [
      "minecraft:the_nether"
    ],
    "dimensionListType": "whitelist",
    "ignoreBiome": false,
    "biomeIds": [
      "minecraft:crimson_forest"
    ],
    "spawnWeight": 8,
    "dungeonWeight": 200,
    "spawnAreaLimit": 8,
    "spawnGroupMin": 3,
    "spawnGroupMax": 5,
    "spawnsInLight": false,
    "spawnsInDark": true,
    "worldDayMin": -1,
    "despawnNatural": true,
    "despawnForced": false
  },
  "width": 0.9,
  "height": 0.9,
  "experience": 10,
  "health": 10,
  "defense": 0,
  "armor": 0,
  "speed": 28,
  "damage": 2,
  "attackSpeed": 1,
  "rangedSpeed": 1,
  "effectDuration": 5,
  "effectAmplifier": 1,
  "pierce": 1,
  "sight": 32,
  "knockbackResistance": 0,
  "bagSize": 5,
  "eggBackColor": "#BE5163",
  "eggForeColor": "#4D0916",
  "subspecies": [
    {
      "index": 0,
      "variants": [
        {
          "index": 1,
          "name": "russet",
          "type": "uncommon"
        },
        {
          "index": 2,
          "name": "ashen",
          "type": "uncommon"
        }
      ]
    }
  ],
  "element": "fae",
  "diets": [
    "carnivore",
    "piscivore",
    "insectivore"
  ],
  "peaceful": false,
  "summonable": true,
  "tameable": false,
  "mountable": false,
  "summonCost": 2,
  "dungeonLevel": 1,
  "drops": [
    {
      "item": "minecraft:bone",
      "minAmount": 2,
      "maxAmount": 2,
      "chance": 1
    },
    {
      "item": "minecraft:nether_wart",
      "minAmount": 2,
      "maxAmount": 3,
      "chance": 1
    }
  ],
  "sizeScale": 1,
  "hitboxScale": 1
}