{
  "name": "remobra",
  "creatureType": "dragon",
  "groups": [
    "opportunist"
  ],
  "entityClass": "com.lycanitesmobs.core.entity.creature.EntityRemobra",
  "modelClass": "com.lycanitesmobs.client.model.creature.ModelRemobra",
  "loadDefault": true,
  "enabled": true,
  "spawning": {
    "enabled": true,
    "spawners": [
      "sky"
    ],
    "disableSubspecies": false,
    "dimensionIds": [
      "minecraft:the_nether",
      "minecraft:the_end"
    ],
    "dimensionListType": "blacklist",
    "ignoreBiome": false,
    "biomeTags": [
      "swamp",
      "spooky"
    ],
    "spawnWeight": 8,
    "dungeonWeight": 200,
    "spawnAreaLimit": 5,
    "spawnGroupMin": 1,
    "spawnGroupMax": 3,
    "spawnsInLight": false,
    "spawnsInDark": true,
    "worldDayMin": -1,
    "despawnNatural": true,
    "despawnForced": false
  },
  "width": 0.8,
  "height": 1.2,
  "experience": 10,
  "health": 10,
  "defense": 0,
  "armor": 0,
  "speed": 32,
  "damage": 2,
  "attackSpeed": 1,
  "rangedSpeed": 0.25,
  "effectDuration": 5,
  "effectAmplifier": 0,
  "pierce": 1,
  "sight": 24,
  "knockbackResistance": 0,
  "bagSize": 5,
  "eggBackColor": "#440066",
  "eggForeColor": "#DD00FF",
  "subspecies": [
    {
      "index": 0,
      "variants": [
        {
          "index": 1,
          "name": "golden",
          "type": "uncommon"
        },
        {
          "index": 2,
          "name": "verdant",
          "type": "uncommon"
        }
      ]
    }
  ],
  "element": "poison",
  "diets": [
    "carnivore",
    "piscivore",
    "insectivore"
  ],
  "peaceful": false,
  "summonable": true,
  "tameable": false,
  "mountable": false,
  "perchable": true,
  "summonCost": 2,
  "dungeonLevel": 0,
  "drops": [
    {
      "item": "minecraft:slime_ball",
      "minAmount": 1,
      "maxAmount": 3,
      "chance": 0.5
    },
    {
      "item": "lycanitesmobs:venomshotcharge",
      "minAmount": 1,
      "maxAmount": 4,
      "chance": 1
    },
    {
      "item": "lycanitesmobs:poisongland",
      "minAmount": 1,
      "maxAmount": 1,
      "chance": 1
    }
  ],
  "sizeScale": 1,
  "hitboxScale": 1
}