{
  "name": "salamander",
  "creatureType": "amphibian",
  "groups": [
    "predator",
    "inferno"
  ],
  "entityClass": "com.lycanitesmobs.core.entity.creature.EntitySalamander",
  "modelClass": "com.lycanitesmobs.client.model.creature.ModelSalamander",
  "loadDefault": true,
  "enabled": true,
  "spawning": {
    "enabled": true,
    "spawners": [
      "lava"
    ],
    "disableSubspecies": false,
    "dimensionIds": [],
    "dimensionListType": "blacklist",
    "ignoreBiome": false,
    "biomeTags": [
      "all"
    ],
    "spawnWeight": 6,
    "dungeonWeight": 200,
    "spawnAreaLimit": 5,
    "spawnGroupMin": 1,
    "spawnGroupMax": 3,
    "spawnsInLight": false,
    "spawnsInDark": true,
    "worldDayMin": -1,
    "despawnNatural": true,
    "despawnForced": false
  },
  "width": 1.5,
  "height": 0.9,
  "experience": 5,
  "health": 15,
  "defense": 1,
  "armor": 0,
  "speed": 32,
  "damage": 2,
  "attackSpeed": 1,
  "rangedSpeed": 1,
  "effectDuration": 5,
  "effectAmplifier": 0,
  "pierce": 1,
  "sight": 24,
  "knockbackResistance": 0.25,
  "bagSize": 10,
  "tamingReputation": 500,
  "eggBackColor": "#AACC00",
  "eggForeColor": "#DDFF22",
  "subspecies": [
    {
      "index": 0,
      "variants": [
        {
          "index": 1,
          "name": "violet",
          "type": "uncommon"
        },
        {
          "index": 2,
          "name": "verdant",
          "type": "uncommon"
        }
      ]
    }
  ],
  "element": "lava",
  "diets": [
    "carnivore",
    "piscivore",
    "insectivore",
    "geovore"
  ],
  "peaceful": false,
  "summonable": false,
  "tameable": true,
  "mountable": true,
  "summonCost": 4,
  "dungeonLevel": 1,
  "drops": [
    {
      "item": "minecraft:coal",
      "minAmount": 3,
      "maxAmount": 5,
      "chance": 1
    },
    {
      "item": "minecraft:magma_cream",
      "minAmount": 1,
      "maxAmount": 3,
      "chance": 0.75
    },
    {
      "item": "minecraft:blaze_rod",
      "minAmount": 1,
      "maxAmount": 2,
      "chance": 0.5
    },
    {
      "item": "minecraft:magma_block",
      "minAmount": 1,
      "maxAmount": 2,
      "chance": 0.1
    }
  ],
  "sizeScale": 1,
  "hitboxScale": 1
}