{
  "name": "volcan",
  "creatureType": "elemental",
  "groups": [
    "inferno"
  ],
  "entityClass": "com.lycanitesmobs.core.entity.creature.EntityVolcan",
  "modelClass": "com.lycanitesmobs.client.model.creature.ModelVolcan",
  "loadDefault": true,
  "enabled": true,
  "spawning": {
    "enabled": true,
    "spawners": [
      "lava_underground"
    ],
    "disableSubspecies": false,
    "dimensionIds": [],
    "dimensionListType": "blacklist",
    "ignoreBiome": false,
    "biomeTags": [
      "all"
    ],
    "spawnWeight": 8,
    "dungeonWeight": 200,
    "spawnAreaLimit": 1,
    "spawnGroupMin": 1,
    "spawnGroupMax": 1,
    "spawnsInLight": false,
    "spawnsInDark": true,
    "worldDayMin": -1,
    "despawnNatural": true,
    "despawnForced": false
  },
  "width": 0.8,
  "height": 1.6,
  "experience": 15,
  "health": 30,
  "defense": 2,
  "armor": 0,
  "speed": 26,
  "damage": 4,
  "attackSpeed": 1,
  "rangedSpeed": 1,
  "effectDuration": 5,
  "effectAmplifier": 0,
  "pierce": 1,
  "sight": 24,
  "knockbackResistance": 1,
  "bagSize": 5,
  "eggBackColor": "#270d03",
  "eggForeColor": "#fba905",
  "subspecies": [
    {
      "index": 0,
      "variants": [
        {
          "index": 1,
          "name": "azure",
          "type": "uncommon"
        },
        {
          "index": 2,
          "name": "verdant",
          "type": "uncommon"
        }
      ]
    }
  ],
  "element": "lava",
  "peaceful": false,
  "summonable": false,
  "tameable": false,
  "mountable": false,
  "summonCost": 2,
  "dungeonLevel": 1,
  "drops": [
    {
      "item": "minecraft:stone",
      "minAmount": 1,
      "maxAmount": 8,
      "chance": 1
    },
    {
      "item": "minecraft:iron_ore",
      "minAmount": 1,
      "maxAmount": 2,
      "chance": 0.75
    },
    {
      "item": "minecraft:quartz",
      "minAmount": 1,
      "maxAmount": 8,
      "chance": 0.75
    },
    {
      "item": "minecraft:gold_ore",
      "minAmount": 1,
      "maxAmount": 1,
      "chance": 0.1
    },
    {
      "item": "minecraft:coal",
      "minAmount": 1,
      "maxAmount": 1,
      "chance": 0.5
    },
    {
      "item": "minecraft:blaze_rod",
      "minAmount": 1,
      "maxAmount": 1,
      "chance": 0.1
    },
    {
      "item": "lycanitesmobs:magmacharge",
      "minAmount": 1,
      "maxAmount": 2,
      "chance": 0.5
    }
  ],
  "sizeScale": 1,
  "hitboxScale": 1,
  "flags": [
    {
      "name": "blockMeltingRadius",
      "value": 2
    }
  ]
}