{
  "name": "wildkin",
  "creatureType": "anthronian",
  "groups": [
    "raider"
  ],
  "entityClass": "com.lycanitesmobs.core.entity.creature.EntityWildkin",
  "modelClass": "com.lycanitesmobs.client.model.creature.ModelWildkin",
  "loadDefault": true,
  "enabled": true,
  "spawning": {
    "enabled": true,
    "spawners": [
      "land"
    ],
    "disableSubspecies": false,
    "dimensionIds": [
      "minecraft:the_nether",
      "minecraft:the_end"
    ],
    "dimensionListType": "blacklist",
    "ignoreBiome": false,
    "biomeTags": [
      "mountain",
      "cold",
      "snowy"
    ],
    "spawnWeight": 4,
    "dungeonWeight": 200,
    "spawnAreaLimit": 5,
    "spawnGroupMin": 1,
    "spawnGroupMax": 3,
    "spawnsInLight": false,
    "spawnsInDark": true,
    "worldDayMin": -1,
    "despawnNatural": true,
    "despawnForced": false
  },
  "width": 1.5,
  "height": 3.2,
  "experience": 5,
  "health": 30,
  "defense": 2,
  "armor": 0,
  "speed": 26,
  "damage": 4,
  "attackSpeed": 1,
  "rangedSpeed": 1,
  "effectDuration": 5,
  "effectAmplifier": 1,
  "pierce": 1,
  "sight": 24,
  "knockbackResistance": 1,
  "bagSize": 10,
  "tamingReputation": 500,
  "eggBackColor": "#433929",
  "eggForeColor": "#766f5a",
  "subspecies": [
    {
      "index": 0,
      "variants": [
        {
          "index": 1,
          "name": "lux",
          "type": "uncommon"
        },
        {
          "index": 2,
          "name": "violet",
          "type": "uncommon"
        }
      ]
    }
  ],
  "element": "earth",
  "diets": [
    "carnivore",
    "piscivore",
    "insectivore",
    "herbivore",
    "frugivore"
  ],
  "peaceful": false,
  "summonable": false,
  "tameable": true,
  "mountable": false,
  "summonCost": 6,
  "dungeonLevel": 2,
  "drops": [
    {
      "item": "minecraft:bone",
      "minAmount": 1,
      "maxAmount": 3,
      "chance": 1
    },
    {
      "item": "minecraft:feather",
      "minAmount": 1,
      "maxAmount": 2,
      "chance": 1
    },
    {
      "item": "minecraft:lapis_lazuli",
      "minAmount": 4,
      "maxAmount": 8,
      "chance": 1
    }
  ],
  "sizeScale": 1,
  "hitboxScale": 1
}