{
  "itemName": "bruchaquill",
  "loadDefault": true,
  "slotType": "pike",
  "dropMobId": "lycanitesmobs:brucha",
  "dropChance": 0.2,
  "levelMin": 1,
  "levelMax": 3,
  "elements": [
    "fae"
  ],
  "features": [
    {
      "featureType": "harvest",
      "levelMax": 1,
      "harvestType": "sword",
      "harvestShape": "block",
      "harvestRange": [
        1,
        1,
        1
      ]
    },
    {
      "featureType": "harvest",
      "levelMin": 2,
      "harvestType": "sword",
      "harvestShape": "block",
      "harvestRange": [
        3,
        3,
        3
      ]
    },
    {
      "featureType": "damage",
      "levelMax": 1,
      "damageAmount": 3,
      "damageKnockback": 0,
      "damageCooldown": 1,
      "damageRange": 1,
      "damageSweep": 90
    },
    {
      "featureType": "damage",
      "levelMin": 2,
      "levelMax": 2,
      "damageAmount": 4,
      "damageKnockback": 0,
      "damageCooldown": 1,
      "damageRange": 1,
      "damageSweep": 180
    },
    {
      "featureType": "damage",
      "levelMin": 3,
      "damageAmount": 5,
      "damageKnockback": 0,
      "damageCooldown": 0.75,
      "damageRange": 1,
      "damageSweep": 180
    },
    {
      "featureType": "projectile",
      "levelMin": 3,
      "projectileName": "quill",
      "projectileTrigger": "secondary",
      "projectilePattern": "spread",
      "cooldown": 8,
      "count": 8,
      "spreadX": 25,
      "spreadY": 25
    }
  ]
}