{
  "itemName": "erepededrill",
  "loadDefault": true,
  "slotType": "pike",
  "dropMobId": "lycanitesmobs:erepede",
  "dropChance": 0.1,
  "levelMin": 1,
  "levelMax": 3,
  "elements": [
    "arcane"
  ],
  "features": [
    {
      "featureType": "harvest",
      "levelMax": 1,
      "harvestType": "pickaxe",
      "harvestSpeed": 6,
      "harvestShape": "block",
      "harvestRange": [
        1,
        2,
        2
      ],
      "harvestRangeLevelMultiplier": 1
    },
    {
      "featureType": "harvest",
      "levelMin": 2,
      "levelMax": 2,
      "harvestType": "pickaxe",
      "harvestSpeed": 7,
      "harvestShape": "block",
      "harvestRange": [
        1,
        4,
        4
      ],
      "harvestRangeLevelMultiplier": 1
    },
    {
      "featureType": "harvest",
      "harvestType": "pickaxe",
      "levelMin": 3,
      "harvestSpeed": 8,
      "harvestShape": "block",
      "harvestRange": [
        1,
        8,
        8
      ],
      "harvestRangeLevelMultiplier": 1
    },
    {
      "featureType": "harvest",
      "levelMax": 1,
      "harvestType": "shovel",
      "harvestSpeed": 6,
      "harvestShape": "block",
      "harvestRange": [
        1,
        2,
        2
      ],
      "harvestRangeLevelMultiplier": 1
    },
    {
      "featureType": "harvest",
      "levelMin": 2,
      "levelMax": 2,
      "harvestType": "shovel",
      "harvestSpeed": 7,
      "harvestShape": "block",
      "harvestRange": [
        1,
        2,
        4
      ],
      "harvestRangeLevelMultiplier": 1
    },
    {
      "featureType": "harvest",
      "harvestType": "pickaxe",
      "levelMin": 3,
      "harvestSpeed": 8,
      "harvestShape": "shovel",
      "harvestRange": [
        1,
        2,
        8
      ],
      "harvestRangeLevelMultiplier": 1
    },
    {
      "featureType": "projectile",
      "levelMax": 1,
      "projectileName": "mudshot",
      "projectileTrigger": "secondary",
      "projectilePattern": "simple",
      "cooldown": 30,
      "count": 1,
      "bonusDamage": 4
    },
    {
      "featureType": "projectile",
      "levelMin": 2,
      "levelMax": 2,
      "projectileName": "mudshot",
      "projectileTrigger": "secondary",
      "projectilePattern": "simple",
      "cooldown": 25,
      "count": 1,
      "bonusDamage": 5
    },
    {
      "featureType": "projectile",
      "levelMin": 3,
      "projectileName": "mudshot",
      "projectileTrigger": "secondary",
      "projectilePattern": "simple",
      "cooldown": 15,
      "count": 1,
      "bonusDamage": 6
    }
  ]
}