{
  "itemName": "geonachspear",
  "loadDefault": true,
  "slotType": "pike",
  "dropMobId": "lycanitesmobs:geonach",
  "dropChance": 0.1,
  "levelMin": 1,
  "levelMax": 3,
  "elements": [
    "earth"
  ],
  "features": [
    {
      "featureType": "harvest",
      "levelMax": 1,
      "harvestType": "pickaxe",
      "harvestSpeed": 6,
      "harvestShape": "block",
      "harvestRange": [
        1,
        1,
        4
      ],
      "harvestRangeLevelMultiplier": 1
    },
    {
      "featureType": "harvest",
      "levelMin": 2,
      "levelMax": 2,
      "harvestType": "pickaxe",
      "harvestSpeed": 7,
      "harvestShape": "block",
      "harvestRange": [
        1,
        1,
        8
      ],
      "harvestRangeLevelMultiplier": 1
    },
    {
      "featureType": "harvest",
      "harvestType": "pickaxe",
      "levelMin": 3,
      "harvestSpeed": 8,
      "harvestShape": "block",
      "harvestRange": [
        1,
        1,
        16
      ],
      "harvestRangeLevelMultiplier": 1
    },
    {
      "featureType": "damage",
      "levelMax": 2,
      "damageAmount": 8,
      "damageKnockback": 2,
      "damageCooldown": 1.8,
      "damageRange": 1,
      "damageSweep": 45
    },
    {
      "featureType": "damage",
      "levelMin": 3,
      "damageAmount": 10,
      "damageKnockback": 2,
      "damageCooldown": 1.8,
      "damageRange": 1,
      "damageSweep": 45
    },
    {
      "featureType": "effect",
      "effectType": "minecraft:resistance",
      "effectTarget": "self",
      "effectDuration": 80,
      "effectStrength": 1
    }
  ]
}