{
  "itemName": "naxiriseye",
  "loadDefault": true,
  "slotType": "jewel",
  "dropMobId": "lycanitesmobs:naxiris",
  "dropChance": 0.2,
  "levelMin": 1,
  "levelMax": 3,
  "elements": [
    "arcane"
  ],
  "features": [
    {
      "featureType": "projectile",
      "levelMax": 1,
      "projectileName": "arcanelaserstorm",
      "projectileTrigger": "secondary",
      "projectilePattern": "simple",
      "cooldown": 100,
      "count": 1
    },
    {
      "featureType": "projectile",
      "levelMin": 2,
      "levelMax": 2,
      "projectileName": "arcanelaserstorm",
      "projectileTrigger": "secondary",
      "projectilePattern": "simple",
      "cooldown": 80,
      "count": 1,
      "bonusDamage": 1
    },
    {
      "featureType": "projectile",
      "levelMin": 3,
      "projectileName": "arcanelaserstorm",
      "projectileTrigger": "secondary",
      "projectilePattern": "simple",
      "cooldown": 40,
      "count": 1,
      "bonusDamage": 2
    }
  ]
}