{
  "itemName": "xaphanspine",
  "loadDefault": true,
  "slotType": "base",
  "dropMobId": "lycanitesmobs:xaphan",
  "dropChance": 0.1,
  "levelMin": 1,
  "levelMax": 3,
  "elements": [
    "acid"
  ],
  "features": [
    {
      "featureType": "slot",
      "slotType": "head"
    },
    {
      "featureType": "slot",
      "slotType": "pommel"
    },
    {
      "featureType": "effect",
      "levelMax": 1,
      "effectType": "lycanitesmobs:penetration",
      "effectTarget": "target",
      "effectDuration": 40,
      "effectStrength": 1
    },
    {
      "featureType": "effect",
      "levelMin": 2,
      "levelMax": 2,
      "effectType": "lycanitesmobs:penetration",
      "effectTarget": "target",
      "effectDuration": 80,
      "effectStrength": 1
    },
    {
      "featureType": "effect",
      "levelMin": 3,
      "effectType": "lycanitesmobs:penetration",
      "effectTarget": "target",
      "effectDuration": 80,
      "effectStrength": 2
    }
  ]
}