{
  "itemName": "zephyrcloud",
  "loadDefault": true,
  "slotType": "pommel",
  "dropMobId": "lycanitesmobs:zephyr",
  "dropChance": 0.1,
  "levelMin": 1,
  "levelMax": 3,
  "elements": [
    "air"
  ],
  "features": [
    {
      "featureType": "effect",
      "levelMax": 2,
      "effectType": "minecraft:levitation",
      "effectTarget": "target",
      "effectDuration": 20,
      "effectStrength": 2
    },
    {
      "featureType": "effect",
      "levelMin": 3,
      "effectType": "minecraft:levitation",
      "effectTarget": "target",
      "effectDuration": 60,
      "effectStrength": 3
    },
    {
      "featureType": "summon",
      "levelMin": 2,
      "summonMobId": "lycanitesmobs.zephyr",
      "summonChance": 0.05,
      "summonDuration": 10,
      "summonCountMin": 1,
      "summonCountMax": 1,
      "sizeScale": 0.4
    }
  ]
}