{
  "name": "asmodeus",
  "type": "event",
  "enabled": true,
  "loadDefault": true,
  "channel": "boss",
  "duration": 600,
  "conditions": [
    {
      "type": "world",
      "dimensionIds": [
        "minecraft:the_end"
      ],
      "dimensionListType": "whitelist"
    },
    {
      "type": "player",
      "position": [
        0,
        70,
        0
      ],
      "positionDistanceMin": 500
    }
  ],
  "levelBoostMax": 0,
  "triggers": [
    {
      "type": "altar",
      "altarName": "AsmodeusAltar"
    }
  ],
  "effects": [
    {
      "type": "structure",
      "structureBuilderName": "asmodeus",
      "eventTicksMax": 600
    }
  ]
}