{
  "name": "rahovart",
  "type": "event",
  "enabled": true,
  "loadDefault": true,
  "channel": "boss",
  "duration": 600,
  "conditions": [
    {
      "type": "world",
      "dimensionIds": [
        "minecraft:the_nether"
      ],
      "dimensionListType": "whitelist"
    }
  ],
  "levelBoostMax": 0,
  "triggers": [
    {
      "type": "altar",
      "altarName": "RahovartAltar"
    }
  ],
  "effects": [
    {
      "type": "structure",
      "structureBuilderName": "rahovart",
      "eventTicksMax": 600
    }
  ]
}