{
  "name": "saltytree",
  "type": "event",
  "enabled": true,
  "loadDefault": true,
  "channel": "world",
  "duration": 1200,
  "conditions": [
    {
      "type": "date",
      "season": "yuletide"
    },
    {
      "type": "world",
      "dimensionIds": [
        "minecraft:the_nether",
        "minecraft:the_end"
      ],
      "dimensionListType": "blacklist"
    }
  ],
  "triggers": [
    {
      "type": "random",
      "weight": 8,
      "priority": 2
    }
  ],
  "effects": [
    {
      "type": "world",
      "dayTime": 20000
    }
  ]
}