{
  "name": "seastorm",
  "type": "event",
  "enabled": true,
  "loadDefault": true,
  "channel": "world",
  "duration": 1200,
  "conditions": [
    {
      "type": "world",
      "dimensionIds": [
        "minecraft:the_nether",
        "minecraft:the_end"
      ],
      "dimensionListType": "blacklist"
    }
  ],
  "triggers": [
    {
      "type": "random",
      "weight": 8,
      "priority": 1
    }
  ],
  "effects": [
    {
      "type": "world",
      "rain": "start",
      "thunder": "start"
    }
  ]
}