{
  "name": "acidsplash",
  "loadDefault": true,
  "width": 0.75,
  "height": 0.75,
  "scale": 1.5,
  "damage": 5,
  "pierce": 2,
  "knockbackChance": 0.5,
  "effectDuration": 5,
  "effectAmplifier": 1,
  "velocity": 0.9,
  "weight": 1,
  "lifetime": 100,
  "elements": [
    "acid"
  ],
  "behaviours": [],
  "waterproof": true,
  "lavaproof": false,
  "cutGrass": false,
  "impactSound": false,
  "ripper": true,
  "pierceBlocks": false,
  "glow": true,
  "rollSpeed": 4,
  "particleCount": 1,
  "particleId": "minecraft:spit",
  "waterParticleId": "minecraft:cloud",
  "animationFrames": 8
}