{
  "name": "chaosorb",
  "entityClass": "com.lycanitesmobs.core.entity.CustomProjectileModelEntity",
  "modelClass": "com.lycanitesmobs.client.model.projectile.ChaosOrbModel",
  "loadDefault": true,
  "width": 0.75,
  "height": 0.75,
  "scale": 1.5,
  "damage": 4,
  "pierce": 1,
  "knockbackChance": 1,
  "effectDuration": 5,
  "effectAmplifier": 1,
  "velocity": 0.8,
  "weight": 1,
  "lifetime": 100,
  "elements": [
    "chaos"
  ],
  "behaviours": [
    {
      "type": "randomForce",
      "force": 0.5
    }
  ],
  "waterproof": true,
  "lavaproof": true,
  "cutGrass": false,
  "impactSound": false,
  "ripper": false,
  "pierceBlocks": false,
  "glow": true,
  "rollSpeed": 4
}