{
  "name": "faebolt",
  "loadDefault": true,
  "width": 0.75,
  "height": 0.75,
  "scale": 1.5,
  "damage": 5,
  "pierce": 1,
  "knockbackChance": 0.5,
  "effectDuration": 5,
  "effectAmplifier": 1,
  "velocity": 0.9,
  "weight": 0.25,
  "lifetime": 100,
  "elements": [
    "fae"
  ],
  "behaviours": [],
  "waterproof": true,
  "lavaproof": false,
  "cutGrass": false,
  "impactSound": false,
  "ripper": false,
  "pierceBlocks": false,
  "glow": true,
  "rollSpeed": 4,
  "particleCount": 5,
  "particleId": "minecraft:happy_villager",
  "waterParticleId": "minecraft:bubble",
  "animationFrames": 8
}