{
  "name": "lifedrain",
  "loadDefault": true,
  "width": 0.5,
  "height": 0.5,
  "scale": 1,
  "damage": 1,
  "pierce": 1,
  "knockbackChance": 0,
  "effectDuration": 3,
  "effectAmplifier": 0,
  "velocity": 1.1,
  "weight": 0,
  "lifetime": 40,
  "elements": [
    "arbour"
  ],
  "behaviours": [
    {
      "type": "laser",
      "speed": 1,
      "width": 2,
      "range": 16
    },
    {
      "type": "drainHealth",
      "rate": 0.25
    }
  ],
  "waterproof": true,
  "lavaproof": false,
  "cutGrass": false,
  "impactSound": false,
  "ripper": false,
  "pierceBlocks": false,
  "glow": true,
  "rollSpeed": 8
}