{
  "name": "poisonray",
  "loadDefault": true,
  "width": 0.5,
  "height": 0.5,
  "scale": 1.0,
  "damage": 2,
  "pierce": 1,
  "knockbackChance": 0,
  "effectDuration": 5,
  "effectAmplifier": 1,
  "velocity": 1.1,
  "weight": 0,
  "lifetime": 40,
  "elements": [
    "poison"
  ],
  "behaviours": [
    {
      "type": "laser",
      "speed": 1,
      "width": 2,
      "range": 16
    }
  ],
  "waterproof": true,
  "lavaproof": false,
  "cutGrass": false,
  "impactSound": false,
  "ripper": false,
  "pierceBlocks": false,
  "glow": false,
  "rollSpeed": 8
}