{
  "name": "poop",
  "loadDefault": true,
  "width": 0.75,
  "height": 0.75,
  "scale": 1.5,
  "damage": 1,
  "pierce": 1,
  "knockbackChance": 0.5,
  "effectDuration": 5,
  "effectAmplifier": 1,
  "velocity": 0.8,
  "weight": 1,
  "lifetime": 100,
  "elements": [
    "poison"
  ],
  "behaviours": [
    {
      "type": "placeBlocks",
      "block": "lycanitesmobs:poopcloud",
      "radius": 1,
      "height": 1
    }
  ],
  "waterproof": true,
  "lavaproof": false,
  "cutGrass": false,
  "impactSound": false,
  "ripper": false,
  "pierceBlocks": false,
  "glow": false,
  "rollSpeed": 2,
  "chargeFertilizer": true
}